﻿League,Year,Position,Team,Wins,Draws,Points,Scored,Opponent Passes Made In Their Half Avg,PassesMadeNearOppBox
La_liga,2014,1,Barcelona,30,4,94,110,6,489
La_liga,2014,2,Real Madrid,30,2,92,118,10,351
La_liga,2014,3,Atletico Madrid,23,9,78,67,9,197
La_liga,2014,4,Valencia,22,11,77,70,9,203
La_liga,2015,1,Barcelona,29,4,91,112,6,570
La_liga,2015,2,Real Madrid,28,6,90,110,9,404
La_liga,2015,3,Atletico Madrid,28,4,88,63,9,261
La_liga,2015,4,Villarreal,18,10,64,44,10,188
La_liga,2016,1,Real Madrid,29,6,93,106,10,333
La_liga,2016,2,Barcelona,28,6,90,116,7,552
La_liga,2016,3,Atletico Madrid,23,9,78,70,10,265
La_liga,2016,4,Sevilla,21,9,72,69,7,338
La_liga,2017,1,Barcelona,28,9,93,99,9,528
La_liga,2017,2,Atletico Madrid,23,10,79,58,11,257
La_liga,2017,3,Real Madrid,22,10,76,94,9,453
La_liga,2017,4,Valencia,22,7,73,65,11,234
La_liga,2018,1,Barcelona,26,9,87,90,9,417
La_liga,2018,2,Atletico Madrid,22,10,76,55,11,252
La_liga,2018,3,Real Madrid,21,5,68,63,9,341
La_liga,2018,4,Valencia,15,16,61,51,13,278
