﻿League,Year,Position,Team,Wins,Draws,Points,Scored,Opponent Passes Made In Their Half Avg,PassesMadeNearOppBox
Serie_A,2014,1,Juventus,26,9,87,72,9,334
Serie_A,2014,2,Roma,19,13,70,54,8,266
Serie_A,2014,3,Lazio,21,6,69,71,7,214
Serie_A,2014,4,Fiorentina,18,10,64,61,8,309
Serie_A,2015,1,Juventus,29,4,91,75,9,270
Serie_A,2015,2,Napoli,25,7,82,80,8,320
Serie_A,2015,3,Roma,23,11,80,83,8,326
Serie_A,2015,4,Inter,20,7,67,50,10,246
Serie_A,2016,1,Juventus,29,4,91,77,9,302
Serie_A,2016,2,Roma,28,3,87,90,9,354
Serie_A,2016,3,Napoli,26,8,86,94,10,309
Serie_A,2016,4,Atalanta,21,9,72,62,10,242
Serie_A,2017,1,Juventus,30,5,95,86,12,260
Serie_A,2017,2,Napoli,28,7,91,77,10,358
Serie_A,2017,3,Roma,23,8,77,61,9,311
Serie_A,2017,4,Inter,20,12,72,66,11,307
Serie_A,2018,1,Juventus,28,6,90,70,10,290
Serie_A,2018,2,Napoli,24,7,79,74,11,344
Serie_A,2018,3,Atalanta,20,9,69,77,9,367
Serie_A,2018,4,Inter,20,9,69,57,9,311
