﻿League,Year,Position,Team,Wins,Draws,Points,Scored,Opponent Passes Made In Their Half Avg,PassesMadeNearOppBox
EPL,2014,1,Chelsea,26,9,87,73,11,407
EPL,2014,2,Manchester City,24,7,79,83,8,575
EPL,2014,3,Arsenal,22,9,75,71,9,398
EPL,2014,4,Manchester United,20,10,70,62,8,267
EPL,2015,1,Leicester,23,12,81,68,10,217
EPL,2015,2,Arsenal,20,11,71,65,9,467
EPL,2015,3,Tottenham,19,13,70,69,7,255
EPL,2015,4,Manchester City,38,19,66,71,8,379
EPL,2016,1,Chelsea,30,3,93,85,12,435
EPL,2016,2,Tottenham,26,8,86,86,8,300
EPL,2016,3,Manchester City,23,9,78,80,7,441
EPL,2016,4,Liverpool,22,10,76,78,8,446
EPL,2017,1,Manchester City,32,4,100,106,7,541
EPL,2017,2,Manchester United,25,6,81,68,11,319
EPL,2017,3,Tottenham,23,8,77,74,8,339
EPL,2017,4,Liverpool,21,12,75,84,10,436
EPL,2018,1,Manchester City,32,2,98,95,9,582
EPL,2018,2,Liverpool,30,7,97,89,11,431
EPL,2018,3,Chelsea,21,9,72,63,11,376
EPL,2018,4,Tottenham,23,2,71,67,10,270
