﻿League,Year,Position,Team,Wins,Draws,Points,Scored,Opponent Passes Made In Their Half Avg,PassesMadeNearOppBox
Ligue_1,2014,1,Paris Saint Germain,24,11,83,83,7,321
Ligue_1,2014,2,Lyon,22,9,75,72,9,202
Ligue_1,2014,3,Monaco,20,11,71,51,8,228
Ligue_1,2014,4,Marseille,21,6,69,76,6,201
Ligue_1,2015,1,Paris Saint Germain,30,6,96,102,7,341
Ligue_1,2015,2,Lyon,19,8,65,67,6,294
Ligue_1,2015,3,Monaco,17,14,65,57,9,154
Ligue_1,2015,4,Nice,18,9,63,58,10,167
Ligue_1,2016,1,Monaco,30,5,95,107,10,226
Ligue_1,2016,2,Paris Saint Germain,27,6,87,83,8,329
Ligue_1,2016,3,Nice,22,12,78,63,13,198
Ligue_1,2016,4,Lyon,21,4,67,80,7,274
Ligue_1,2017,1,Paris Saint Germain,29,6,93,108,8,478
Ligue_1,2017,2,Monaco,24,8,80,85,8,214
Ligue_1,2017,3,Lyon,23,9,78,87,9,222
Ligue_1,2017,4,Marseille,22,11,77,80,8,243
Ligue_1,2018,1,Paris Saint Germain,29,4,91,105,8,459
Ligue_1,2018,2,Lille,22,9,75,68,12,196
Ligue_1,2018,3,Lyon,21,9,72,70,9,264
Ligue_1,2018,4,Saint-Etienne,19,9,66,59,10,197
