﻿League,Year,Position,Team,Matches,Wins,Draws,Points,Scored,Missed,Opponent Passes Made In Their Half Avg,Passes Made In Own Half Avg,Passes Made Near Opposition Area,Opponent Passes Made Near Own Area
Serie_A,2014,17,Atalanta,38,7,16,37,38,57,10,8,189,277
Serie_A,2014`,18,Cagliari,38,8,10,34,48,68,10,9,259,240
Serie_A,2015,17,Udinese,38,10,9,39,35,60,12,8,165,242
Serie_A,2015`,18,Carpi,38,9,11,38,37,57,12,6,151,237
Serie_A,2016,17,Crotone,38,9,7,34,34,58,15,7,130,227
Serie_A,2016`,18,Empoli,38,8,8,32,29,61,10,9,182,278
Serie_A,2017,17,SPAL 2013,38,8,14,38,39,59,15,9,151,291
Serie_A,2017`,18,Crotone,38,9,8,35,40,66,14,8,150,299
Serie_A,2018,17,Genoa,38,8,14,38,39,57,12,9,235,255
Serie_A,2018`,18,Empoli,38,10,8,38,51,70,14,11,292,265
