﻿League,Year,Position,Team,Matches,Wins,Draws,Points,Scored,Missed,Opponent Passes Made In Their Half Avg,Passes Made In Own Half Avg,Passes Made Near Opposition Area,Opponent Passes Made Near Own Area
La_liga,2014,17,Granada,38,7,14,35,29,64,9,8,117,206
La_liga,2014`,18,Eibar,38,9,8,35,34,55,10,8,106,225
La_liga,2015,17,Granada,38,10,9,39,46,69,9,7,117,268
La_liga,2015`,18,Rayo Vallecano,38,9,11,38,52,73,7,9,157,240
La_liga,2016,17,Leganes,38,8,11,35,36,55,9,8,165,164
La_liga,2016`,18,Sporting Gijon,38,7,10,31,42,72,10,8,201,247
La_liga,2017,17,Leganes,38,12,7,43,34,51,11,7,145,186
La_liga,2017`,18,Deportivo La Coruna,38,6,11,29,38,76,11,9,217,277
La_liga,2018,17,Real Valladolid,38,10,11,41,32,51,11,10,139,243
La_liga,2018`,18,Girona,38,9,10,37,37,53,11,10,177,261
