﻿League,Year,Position,Team,Matches,Wins,Draws,Points,Scored,Missed,Opponent Passes Made In Their Half Avg,Passes Made In Own Half Avg,Passes Made Near Opposition Area,Opponent Passes Made Near Own Area
EPL,2014,17,Sunderland,38,7,17,38,31,53,11,8,153,313
EPL,2014`,18,Hull,38,8,11,35,33,51,14,10,139,261
EPL,2015,17,Sunderland,38,9,12,39,48,62,13,8,188,312
EPL,2015`,18,Newcastle United,38,9,10,37,44,65,12,8,154,294
EPL,2016,17,Burnley,38,11,7,40,39,55,13,10,174,290
EPL,2016`,18,Hull,38,9,7,34,37,80,16,11,160,326
EPL,2017,17,Southampton,38,7,15,36,37,56,10,12,225,277
EPL,2017`,18,Stoke,38,7,12,33,35,68,17,8,189,315
EPL,2018,17,Brighton,38,9,9,36,35,60,15,11,153,321
EPL,2018`,18,Cardiff,38,10,4,34,34,69,18,6,143,357
