﻿League,Year,Position,Team,Matches,Wins,Draws,Points,Scored,Missed,Opponent Passes Made In Their Half Avg,Passes Made In Own Half Avg,Passes Made Near Opposition Area,Opponent Passes Made Near Own Area
Ligue_1,2014,17,Toulouse,38,12,6,42,43,64,8,9,184,165
Ligue_1,2014`,18,Evian Thonon Gaillard,38,11,4,37,41,62,10,9,104,191
Ligue_1,2015,17,Toulouse,38,9,13,40,45,55,10,8,190,172
Ligue_1,2015`,18,Reims,38,10,9,39,44,57,11,10,141,170
Ligue_1,2016,17,Dijon,38,8,13,37,46,58,12,10,166,222
Ligue_1,2016`,18,Lorient,38,10,6,36,44,70,13,13,172,179
Ligue_1,2017,17,Strasbourg,38,9,11,38,44,67,10,10,164,192
Ligue_1,2017`,18,Toulouse,38,9,10,37,38,54,10,9,144,200
Ligue_1,2018,17,Monaco,38,8,12,36,38,57,11,11,184,169
Ligue_1,2018`,18,Dijon,38,9,7,34,31,60,11,11,199,214
